Country Name,Country Code,Access to electricity (% of population),"Compulsory education, duration (years)","Employment to population ratio, 15+, total (%) (modeled ILO estimate)","GDP per capita, PPP (current international $)",Individuals using the Internet (% of population),"Industry (including construction), value added per worker (constant 2015 US$)","Inflation, GDP deflator (annual %)",Land area (sq. km),Merchandise exports by the reporting economy (current US$),Military expenditure (% of GDP),Net migration,Population ages 15-64 (% of total population),Proportion of seats held by women in national parliaments (%),Renewable energy consumption (% of total final energy consumption),Urban population (% of total population),"Vulnerable employment, total (% of total employment) (modeled ILO estimate)",happiness_score,social_support,healthy_life_expectancy_at_birth,freedom_to_make_life_choices,generosity,perceptions_of_corruption,positive_affect,negative_affect
Afghanistan,AFG,97.7,9.0,42.014,2335.795862344538,13.5,2772.9525602191616,2.403656187657461,652230.0,831859250.0,0.945226799939516,-71491.0,52.2756584397329,27.710843373494,19.5,24.8352821238871,82.22336041810959,2662.0,491.0,53.25,427.0,-119.0,954.0,435.0,371.0
Angola,AGO,42.9,10.0,63.045,8006.836614976964,26.0,50785.44384955986,23.712806150813208,1246700.0,34509386245.0,2.5079828055057902,77731.0,52.0639319428822,30.4545454545455,52.5,65.0850525086068,65.22111795611939,,,,,,,,
Albania,ALB,99.9,9.0,50.152,13150.134321095777,62.4,13702.628480021163,2.7250691854046067,27400.0,2460730040.0,1.10915100558884,-14901.0,68.411252681582,27.8571428571429,36.9,55.980276426546,52.831529389577696,4.64,638.0,69.05,0.75,-31.0,876.0,547.0,334.0
United Arab Emirates,ARE,100.0,12.0,76.82,70281.88895042108,94.8199,90761.41687711093,6.804797039392454,71020.0,184297150444.0,,34155.0,81.7573549214794,22.5,0.2,84.686675718659,0.751495776869112,7039.0,836.0,65.7,962.0,207.0,,737.0,208.0
Argentina,ARG,100.0,14.0,53.899,23385.07409049166,74.2949,34868.77041211704,26.00637928190794,2736690.0,57560313404.0,0.8477548112594401,4931.0,64.1137437299744,38.1322957198444,10.4,91.6776028433824,21.505941986483013,6039.0,907.0,67.0,832.0,-0.19,841.0,715.0,292.0
Armenia,ARM,99.7,12.0,50.581,12066.004309381942,64.7449,14723.55959592144,2.1506418984861284,28470.0,2219407452.0,3.84973057654684,-14180.0,68.1111272919884,18.0952380952381,12.6,64.7124948593667,41.953387777937,4288.0,698.0,66.55,614.0,-152.0,865.0,552.0,437.0
Australia,AUS,100.0,11.0,61.599,48564.82865923721,86.545,134361.75044301056,3.6462335800608656,7692020.0,223390432929.0,2.00509517581937,255023.0,65.7711179415292,28.6666666666667,9.9,87.12809266445,9.982970452866246,7257.0,0.95,70.75,911.0,314.0,411.0,728.0,225.0
Austria,AUT,100.0,13.0,57.292,53869.8321183556,87.9356,96032.60562900652,0.9753179067323714,82520.0,167892178390.0,0.761540652203723,45478.0,66.974326831199,34.4262295081967,34.0,67.9051196052802,9.384955968615142,7294.0,906.0,70.65,0.89,129.0,518.0,699.0,0.18
Azerbaijan,AZE,100.0,9.0,61.787,14315.92964310605,79.0,32690.734709764176,16.22620454917096,82662.0,15318306400.0,3.75630173249661,-11324.0,69.9448498293551,16.8,1.9,56.4331887124691,55.12006150795639,5152.0,787.0,63.35,731.0,-228.0,653.0,512.0,198.0
Burundi,BDI,9.3,,79.093,791.3934949298982,2.66075,2730.9278759975787,13.272109654350174,25680.0,149981241.0,2.00270990259373,-68349.0,49.7345082830426,36.3636363636364,88.2,16.6241273909209,85.44341594820989,,,,,,,,
Belgium,BEL,100.0,12.0,49.554,50256.06317727839,87.6797,90443.7534076324,1.983163436048585,30333.0,425827183351.0,0.886837200658898,37981.0,64.4426328280277,38.0,9.7,86.6731739531869,11.248116227130357,6928.0,922.0,70.3,857.0,0.05,543.0,713.0,234.0
Benin,BEN,34.5,6.0,73.058,2885.8938398772107,18.7,2228.333380476851,-0.3678977251191639,112760.0,732884929.0,0.920613124425981,3716.0,53.7641385473821,7.2289156626506,45.4,47.2942774880391,82.5652532589345,4853.0,436.0,54.9,727.0,-64.0,767.0,598.0,458.0
Burkina Faso,BFA,17.0,10.0,74.479,2042.4029525991664,7.79,2504.6898440149507,1.416297279981066,273600.0,2909368705.0,1.36362970468668,-14780.0,52.3179781131451,11.0236220472441,74.6,25.9769918665632,80.8230232927942,4647.0,785.0,54.15,614.0,-62.0,727.0,0.58,354.0
Bangladesh,BGD,88.0,5.0,55.778,4882.606926156391,21.5,4876.051083847399,5.047597582037142,130170.0,25700689017.0,1.12758125325097,-1037176.0,64.6648001467869,20.2857142857143,28.1,30.2015798381799,56.1806275900299,4.31,713.0,64.05,896.0,-1.0,635.0,436.0,214.0
Bulgaria,BGR,98.1,11.0,51.99,20798.049501421032,63.4101,14383.650816837991,4.81312099246594,108560.0,29721096305.0,1.22220854798635,-6109.0,64.9588436261308,23.75,17.1,73.3904571533203,7.076668234459453,5097.0,942.0,66.1,689.0,-158.0,911.0,542.0,189.0
Bahrain,BHR,100.0,9.0,71.534,50184.500576730126,95.8781,43399.94764123893,4.615834214309288,780.0,6950607618.0,4.320737741790371,21958.0,77.608595170699,7.5,0.0,100.0,0.935276161628514,6227.0,876.0,66.05,906.0,0.13,,754.0,0.29
Bosnia and Herzegovina,BIH,100.0,9.0,39.266,12699.447529764377,64.892,11488.306702536092,1.7787063788460244,51200.0,6284996654.0,0.8525935622649821,-30650.0,67.6985985141523,21.4285714285714,18.5,48.4918401819106,20.44698563544111,5.09,775.0,67.1,564.0,91.0,923.0,527.0,271.0
Belarus,BLR,98.7,9.0,60.838,18413.74756336698,74.4364,12507.549372082847,8.623147410108771,202988.0,28827783900.0,1.37200444073753,3337.0,68.4886180343404,34.5454545454545,7.3,77.0208206176758,7.56520732476061,5553.0,0.9,65.55,621.0,-125.0,654.0,502.0,233.0
Belize,BLZ,94.2,8.0,59.81,9120.65338346029,48.8771,13138.119366507955,3.069324982769089,22810.0,273088274.0,1.0106678673098402,1705.0,65.38666109327,9.375,37.2,43.4211086747287,29.9251838211623,,,,,,,,
Bolivia,BOL,91.8,14.0,66.125,10420.392325093344,43.8323,7689.075412126661,29.8668322336257,1083300.0,8222577470.0,1.53642735273655,-9669.0,62.42532837796,53.0769230769231,14.3,69.0838016274736,65.6688233715507,5651.0,779.0,63.0,884.0,-122.0,819.0,655.0,434.0
Brazil,BRA,99.8,14.0,56.271,14559.048889788395,67.4713,17529.425474050382,3.6713845041894473,8358140.0,215118553162.0,1.4140216679758602,-156296.0,69.7489521976535,10.7212475633528,45.3,86.1982897571091,26.908512957339106,6333.0,905.0,65.05,765.0,-178.0,794.0,669.0,308.0
Bhutan,BTN,97.7,,60.882,11677.414265997428,54.3,23262.05482055128,4.34963395866464,38144.0,469028001.0,,287.0,68.3439508599965,8.51063829787234,79.7,37.8645544995016,71.85419577545821,,,,,,,,
Botswana,BWA,67.4,,50.419,15700.665047964108,47.8587,44474.19292453421,-2.64993320934704,566730.0,5828376047.0,3.2485791949909104,-10916.0,62.3471212270271,9.52380952380952,26.7,65.9456435684731,27.450162317665832,3505.0,768.0,53.35,817.0,-0.24,731.0,612.0,276.0
Central African Republic,CAF,14.1,10.0,69.14,883.8107348760659,4.0,1597.0929102483117,6.443706287795251,622980.0,199455801.0,1.34269739488284,-58584.0,48.87737285649,8.57142857142857,91.6,40.8151443386334,79.7491798950881,3476.0,0.32,45.3,645.0,78.0,0.89,602.0,599.0
Canada,CAN,100.0,10.0,61.564,48317.38744571629,92.7014,104277.78536897551,2.5710146449006857,8965590.0,418732970936.0,1.35189646465708,372685.0,67.0699290855306,26.2686567164179,22.8,81.4018945832226,10.519904241659033,7415.0,934.0,71.2,945.0,159.0,362.0,799.0,218.0
Switzerland,CHE,100.0,11.0,65.25,68193.50559402621,89.6861,185788.6668834444,-0.3678693129190122,39509.63,299020994384.0,0.66568455676088,45658.0,66.8710108843209,32.5,25.0,77.9126273688843,10.15630327600551,7474.0,0.95,72.1,925.0,173.0,316.0,734.0,196.0
Chile,CHL,99.7,12.0,58.383,24295.22376660203,82.3275,34279.72600569191,4.828191886208728,742286.76,68418988362.0,1.94059250989466,220621.0,68.8509010584832,,24.1,87.8000295757281,21.18468158721841,6.32,0.88,69.7,0.79,-26.0,836.0,765.0,291.0
China,CHN,100.0,9.0,65.295,15022.437188312417,54.3,22732.6614065995,4.14602237470578,9388210.0,2279673436698.0,1.71124264388853,-94625.0,70.6659121055216,24.2476060191518,13.1,60.2402687072754,36.3236704322757,5099.0,772.0,68.25,878.0,-178.0,,682.0,214.0
Cote d'Ivoire,CIV,65.6,10.0,63.958,4690.178018610959,43.8399,12894.35069219132,-1.041677248170842,318000.0,12336779460.0,0.965894036488091,-796.0,55.1091077307627,10.5882352941176,62.5,50.3977309654344,72.6860894072429,5038.0,661.0,53.65,732.0,-112.0,771.0,662.0,357.0
Cameroon,CMR,60.9,6.0,66.832,3767.4307288382415,23.203,6483.009522089505,1.0251411606625285,472710.0,3266126340.0,1.13837382188187,-37912.0,54.2143740534314,31.1111111111111,79.2,53.3115142121504,71.6542099172547,5074.0,695.0,53.15,767.0,-33.0,844.0,632.0,377.0
"Congo, Dem. Rep.",COD,18.0,6.0,61.769,990.5450513947808,8.6199,6954.986990292246,35.22276798644975,2267050.0,7029169000.0,0.74157072807359,176290.0,51.0731408298973,8.94308943089431,96.7,42.1127579403217,81.4444151093784,4311.0,0.67,53.25,704.0,0.07,809.0,541.0,404.0
"Congo, Rep.",COG,46.2,10.0,54.022,4444.639002158245,8.65,14709.129905330605,12.365676852804228,341500.0,7788514776.0,3.1781346926990097,-11601.0,55.2299836423435,11.2582781456954,69.8,63.3544545340423,75.78714594112843,4884.0,655.0,55.55,778.0,-145.0,763.0,574.0,382.0
Colombia,COL,98.5,12.0,60.015,14400.6139849314,62.2599,19269.707894255964,5.133735899633464,1109500.0,35760317634.0,3.2080967243943603,431072.0,69.041951439359,18.6746987951807,32.2,77.2245191706503,43.99077105327521,6157.0,909.0,68.65,838.0,-0.16,875.0,0.79,299.0
Comoros,COM,78.7,6.0,47.259,3347.456529974836,8.47817,2375.663941362151,0.4025529013589306,1861.0,38724545.0,,-2920.0,56.3103838597961,6.06060606060606,59.5,31.0996559689293,57.484307431576696,,,,,,,,
Costa Rica,CRI,99.6,13.0,55.223,20499.34421307783,71.5817,31132.00118905998,2.858883728019805,51060.0,10597131480.0,,1671.0,68.8412507833526,35.0877192982456,33.3,76.0539254265608,24.492541574141026,7225.0,922.0,70.0,936.0,-84.0,742.0,791.0,275.0
Cuba,CUB,99.4,9.0,54.612,,57.1484,22185.25326110352,4.113590856734788,103800.0,2341221786.0,2.87240323946139,-23394.0,68.9697496290173,48.8562091503268,22.0,76.9603271484375,21.31448864663818,,,,,,,,
Cyprus,CYP,100.0,10.0,57.195,35197.140625,80.7432,24899.47263837897,1.0203937629053286,9240.0,2869820588.0,1.56810293907547,10632.0,71.117190760722,17.8571428571429,10.9,66.8907450570326,11.09484306680084,6062.0,819.0,72.0,812.0,38.0,851.0,0.67,301.0
Czechia,CZE,100.0,10.0,58.335,39346.030564257,78.7192,34374.0056651911,1.6836205033357032,77210.0,181878683182.0,0.943984411925526,5747.0,65.3001802474571,22.0,14.5,72.9121853567256,13.983329132277722,6.79,901.0,68.55,832.0,-181.0,867.0,672.0,227.0
Germany,DEU,100.0,13.0,58.366,54110.2536648812,84.3942,82689.78557716755,1.4766142558612927,349370.0,1443121270607.0,1.13126090102098,452988.0,65.2493405041228,30.7475317348378,15.2,80.9842544038853,5.811268213813952,7074.0,892.0,70.5,841.0,141.0,414.0,707.0,196.0
Djibouti,DJI,60.2,10.0,23.861,4676.71336058903,55.6814,35106.033454021366,0.5622315302821619,23180.0,4320031653.0,,1535.0,62.9089421576058,10.7692307692308,23.3,71.318261933957,31.15562731773102,,,,,,,,
Denmark,DNK,100.0,10.0,58.221,55271.59760026594,97.0994,125201.68603333578,1.1006187480185616,40000.0,101760086494.0,1.1399854112558,24561.0,64.1478791251183,37.4301675977654,35.0,88.0161943799509,6.056457673548568,7594.0,952.0,70.75,955.0,151.0,181.0,779.0,206.0
Dominican Republic,DOM,100.0,15.0,58.73,16846.20723203233,67.5712,23235.059766456143,3.907483938888106,48310.0,9715503948.0,0.6660634439633,-36069.0,65.3577258050953,26.8421052631579,16.9,73.926806252977,41.16713738321496,5605.0,894.0,63.6,855.0,-124.0,0.76,0.71,275.0
Algeria,DZA,99.5,10.0,37.246,13493.560749483971,47.6911,20413.136022997187,4.938007295743148,2381741.0,34250280648.0,5.30711492252911,-14403.0,64.587146212269,25.7575757575758,0.1,71.3227912436551,27.11211932531321,5249.0,807.0,66.2,437.0,-171.0,0.7,555.0,289.0
Ecuador,ECU,99.2,15.0,65.539,11793.4797426944,55.8,20617.55059290672,0.9320316561248349,248360.0,19062795971.0,2.35738419773924,53707.0,65.0447019080708,37.956204379562,17.0,63.0194591842425,49.6750648985681,5.84,849.0,68.0,879.0,-171.0,734.0,793.0,314.0
"Egypt, Arab Rep.",EGY,100.0,12.0,39.661,11124.73510981492,44.9502,17396.433926878944,29.51847983460348,995450.0,26116458540.0,1.42203170028818,-80000.0,61.5289800193223,14.9328859060403,4.9,42.4486008687179,21.56452533362326,3929.0,638.0,62.5,593.0,-152.0,,458.0,414.0
Spain,ESP,100.0,10.0,48.049,39825.24981162915,84.6022,67613.8118050886,1.2579443181247427,499547.35,310185442859.0,1.22211082849583,201135.0,66.1865982307919,39.1428571428571,15.2,79.4663233085683,11.949895110873884,6.23,903.0,71.85,756.0,-36.0,791.0,601.0,302.0
Estonia,EST,100.0,9.0,59.571,34506.64869425064,88.1025,30594.24101538863,3.741098472694887,42750.0,14412427873.0,1.96988670547821,5202.0,64.2570788686562,26.7326732673267,27.5,68.9931941915158,7.530940104341045,5938.0,936.0,68.75,862.0,-105.0,668.0,0.74,0.16
Ethiopia,ETH,44.3,8.0,72.766,2004.7475563312908,15.6,4403.283688484516,6.6768222196087095,1128552.8,2305968951.0,0.6753107157169319,71766.0,55.2530672521534,38.7568555758684,90.8,20.3084850311279,85.95136906007261,4.18,734.0,59.1,717.0,1.0,757.0,514.0,304.0
Finland,FIN,100.0,10.0,53.598,47234.85286009387,87.4689,110923.60239496584,0.8360459330908157,303920.0,67738504976.0,1.36088933984851,13356.0,62.6552811381026,42.0,44.4,71.9563038312956,9.944493462936158,7788.0,964.0,70.85,962.0,-7.0,192.0,756.0,176.0
France,FRA,100.0,10.0,50.059,44469.14588568046,80.5025,75518.03061729547,0.5863431579617071,538950.0,531257097397.0,1.8523088187904,102984.0,62.3980765439097,38.9948006932409,14.1,78.6467804026368,7.409042758702563,6635.0,931.0,71.9,834.0,-127.0,601.0,716.0,242.0
Gabon,GAB,86.3,10.0,40.678,14796.628637417056,51.6049,75414.24113552495,3.820302144468428,257670.0,5771229877.0,1.81138276957815,4013.0,59.3743798970745,17.0940170940171,90.2,89.0009733256896,30.587060918361832,4782.0,807.0,56.95,652.0,-229.0,868.0,638.0,446.0
United Kingdom,GBR,100.0,11.0,59.603,46113.02116773241,90.4246,93249.5398046291,1.5425278151763706,241930.0,433711583786.0,1.95002885979327,272311.0,63.9059468954247,32.0,8.8,82.23065673273,12.96968425857673,7103.0,937.0,69.9,813.0,286.0,419.0,712.0,0.21
Georgia,GEO,100.0,9.0,56.656,13718.937866976376,59.7055,17109.39610429132,7.546744998381143,69490.0,2739377239.0,1.942197699613,-7889.0,65.3998342675011,16.0,27.5,57.9996827205757,49.8151083245296,4451.0,0.59,64.45,821.0,-247.0,0.59,496.0,0.21
Ghana,GHA,79.0,11.0,64.603,5170.960948574386,37.8842,8839.078034298802,10.677308233913934,227540.0,14451387694.0,0.312701278609545,-4913.0,58.4792804696985,12.7272727272727,45.3,54.6991419779128,67.22333790120153,5481.0,669.0,57.25,783.0,77.0,839.0,715.0,248.0
Guinea,GIN,35.4,6.0,51.64,2687.095048271709,18.7,6541.632788822244,10.356507212723358,245720.0,3476505447.0,1.76492717450729,-13718.0,53.6638744858065,21.9298245614035,72.0,35.5827331542969,81.3309083625921,4874.0,634.0,52.4,738.0,37.0,0.75,702.0,422.0
"Gambia, The",GMB,56.2,9.0,45.339,2038.954298501285,22.5,2659.530424588029,3.9217186200013288,10120.0,17599654.0,,-3696.0,54.2934408794508,10.3448275862069,48.0,60.471712657237,69.07355641199528,4118.0,697.0,56.4,812.0,115.0,572.0,0.77,277.0
Greece,GRC,100.0,10.0,40.096,28681.68155850046,69.893,49078.0098426386,0.2036135315861997,128900.0,32544954785.0,2.556623889921,10483.0,63.9236489103791,18.3333333333333,16.4,77.8895342613411,26.80905817701504,5148.0,753.0,70.65,438.0,-293.0,872.0,516.0,333.0
Guatemala,GTM,93.3,16.0,59.442,9560.17783462724,37.9,12109.80385636854,1.7479449081098153,107160.0,10912514303.0,0.383850245049506,-42779.0,60.3424312037219,12.6582278481013,65.0,53.7994723140017,37.65565069953952,6325.0,826.0,61.9,915.0,-61.0,0.8,819.0,308.0
Guyana,GUY,90.0,6.0,48.112,12243.22259685414,42.7,19321.74237771904,2.1090078739521374,196850.0,1643653579.0,1.25334268912328,-6107.0,64.3353067132002,31.8840579710145,22.1,26.412905546573,29.08451248743526,,,,,,,,
"Hong Kong SAR, China",HKG,100.0,9.0,58.577,59260.91317619376,89.4159,41525.35676491181,2.8805797861399327,1050.0,550070336980.0,,7963.0,71.8759568222049,,0.2,100.0,5.885720256075146,5362.0,831.0,,831.0,136.0,416.0,536.0,201.0
Honduras,HND,86.5,12.0,60.801,5620.654552477326,31.7358,6659.568109302631,4.512842976352104,111890.0,4520727501.0,1.58983296006831,-6778.0,62.6597879577538,,45.6,55.3877322339915,36.73267088541128,6.02,843.0,62.15,898.0,71.0,783.0,796.0,248.0
Croatia,HRV,100.0,8.0,45.695,25989.38123839556,67.0962,26945.92410939096,1.2305158778690384,55964.0,15940074659.0,1.6331662944665302,-44557.0,65.2937585801138,18.5430463576159,29.8,55.9009887365155,10.12714826051106,5343.0,0.77,68.25,716.0,-0.11,892.0,618.0,316.0
Haiti,HTI,43.3,6.0,56.738,3339.3888465344608,27.2,10129.796240984511,13.77987739759341,27560.0,1068745477.0,0.04364592592778,-34742.0,62.1661899503353,2.54237288135593,76.2,50.735083378449,74.3271418647626,3824.0,647.0,55.2,484.0,337.0,647.0,0.57,322.0
Hungary,HUN,100.0,13.0,55.43,29728.01215688012,76.7505,23652.758487055737,4.037292737386153,91260.0,113798821504.0,1.19169678184034,20200.0,66.6846693017279,10.0502512562814,14.6,70.4542541503906,7.419590454052061,6065.0,877.0,66.9,661.0,-143.0,886.0,644.0,181.0
Indonesia,IDN,98.1,9.0,64.171,10687.64092184431,32.3358,13368.12887618362,4.292678121995252,1877519.0,168823578724.0,0.8651913762219919,-29467.0,67.1982866155746,19.8214285714286,25.2,54.4541015625,48.4921518603942,5098.0,796.0,62.55,865.0,485.0,0.9,781.0,319.0
India,IND,91.8,8.0,48.655,6144.7171444493815,18.2,5439.633351098205,3.96925793352338,2973190.0,294091160000.0,2.5315113605679103,-251642.0,66.3274225183491,11.8081180811808,32.5,33.1821328157539,76.51809323985009,4046.0,607.0,59.7,886.0,-44.0,781.0,579.0,318.0
Ireland,IRL,100.0,10.0,57.764,80450.35293365059,84.114,289271.72377874074,1.493983825313606,68890.0,134418175209.99998,0.296120745416758,28883.0,65.3844318826392,22.1518987341772,10.1,62.9035196521232,11.539545354186297,7.06,943.0,70.9,905.0,212.0,337.0,771.0,213.0
"Iran, Islamic Rep.",IRN,99.9,9.0,38.824,15719.416701550954,64.044,19314.30121616931,12.787573721413835,1622500.0,65758861650.00001,2.8443384495596,34849.0,69.6037014420191,5.88235294117647,1.0,74.4011840820312,41.96043763897038,4717.0,714.0,66.0,731.0,212.0,715.0,0.59,439.0
Iraq,IRQ,99.9,6.0,36.436,10191.661698863894,49.36,39013.73046462162,14.650359788845108,434128.0,65510451906.0,3.9089849205651497,-21998.0,57.1233026644764,25.3048780487805,0.5,69.8944511190753,26.62412872182907,4462.0,695.0,61.75,628.0,3.0,757.0,487.0,591.0
Iceland,ISL,100.0,10.0,74.784,55638.49205917941,98.2552,107904.36368844852,1.5737457377590829,100250.0,4849179549.0,,8348.0,66.4230208874586,38.0952380952381,80.8,93.7718982310092,11.538200996758096,7476.0,967.0,71.95,939.0,241.0,727.0,823.0,148.0
Israel,ISR,100.0,15.0,62.78,39470.86812621644,81.5812,90669.648785218,0.0065518169634799,21640.0,56252800000.0,5.42682730712043,14518.0,60.2586178699757,27.5,3.9,91.6701057535759,8.039619858354865,7331.0,916.0,72.1,768.0,141.0,793.0,621.0,276.0
Italy,ITA,100.0,12.0,43.952,42142.3435406885,63.0773,66448.27959289312,0.7098217150806931,295718.0,501679937033.0,1.35122350161336,95147.0,64.0491957667784,30.952380952381,16.4,69.5180784259382,16.1168398722354,6199.0,0.92,71.75,633.0,-39.0,867.0,613.0,323.0
Jamaica,JAM,97.4,6.0,60.815,10466.48767821459,55.0721,12837.27677328123,5.938051940184991,10830.0,1307550739.0,0.973433068165328,-10335.0,71.0921922242404,17.4603174603175,11.0,55.9152267548307,35.82188786066202,5.89,913.0,66.6,861.0,-135.0,883.0,0.7,243.0
Jordan,JOR,100.0,10.0,32.937,9265.515367207334,64.5,22622.068609509864,1.7835501097129622,88780.0,6021065047.0,4.6843537414966,12873.0,62.36793578723,15.3846153846154,5.3,90.8764609714428,9.637069579522604,4808.0,815.0,67.6,766.0,-153.0,,554.0,392.0
Japan,JPN,100.0,9.0,58.738,41444.21574439123,91.7265,83341.2403213614,-0.0743495037964407,364500.0,697806199141.0,0.9132294790998008,322564.0,59.4143459524436,10.1075268817204,6.9,91.5498419685883,8.319603414373091,5911.0,882.0,73.85,849.0,-211.0,659.0,692.0,176.0
Kazakhstan,KAZ,100.0,9.0,66.789,23973.06022956508,76.4267,34758.60940521378,11.211105653728964,2699700.0,48348129951.0,0.8318949680077881,21248.0,64.3439384372589,27.1028037383178,2.0,57.4586448748837,25.53960559740422,5882.0,914.0,64.2,745.0,-39.0,755.0,698.0,171.0
Kenya,KEN,55.8,12.0,69.745,4177.249935802674,17.8271,6388.436523795202,7.581934028201815,575008.15,5721285004.0,1.23759400127025,-68702.0,56.4460280213336,21.7765042979943,68.1,31.5383650847102,60.449708288726605,4476.0,715.0,56.9,853.0,228.0,854.0,754.0,0.23
Kyrgyz Republic,KGZ,100.0,10.0,54.352,4953.717550851987,50.8,3378.8905261388727,6.32714586262388,191800.0,1757172548.0,3.10489070193562,7553.0,62.7005347701048,19.1666666666667,24.7,34.9980805726839,33.19802670688505,5.63,883.0,64.75,859.0,141.0,874.0,0.64,0.16
Cambodia,KHM,89.1,,81.294,5050.063566151128,32.9003,4297.70447557799,2.076507091548521,176520.0,10427166777.0,1.56181647470424,-74362.0,63.387132974116,20.3252032520325,56.3,35.0127905056235,54.4251241530486,4586.0,765.0,61.1,964.0,85.0,821.0,669.0,408.0
"Korea, Rep.",KOR,100.0,9.0,60.612,43155.9100867658,95.0694,85065.92908491801,2.018820215823069,97510.0,561238070000.0,2.29813107276094,104029.0,73.1104702951829,17.0,2.8,81.471030429984,19.389637384912792,5874.0,807.0,72.55,538.0,0.01,851.0,546.0,235.0
Kuwait,KWT,100.0,9.0,71.751,46565.549950455366,98.0,105836.91123400298,16.23087529384189,17820.0,5416975288.0,5.60744536433338,92717.0,75.6988166008755,3.07692307692308,0.0,100.0,1.219250971807963,6094.0,853.0,70.15,884.0,-8.0,,649.0,307.0
Lao PDR,LAO,93.6,9.0,57.829,7141.906527017665,25.5104,27991.254313033867,1.852096761211229,230800.0,4909721778.0,,-10400.0,63.3704452186596,27.5167785234899,50.6,34.5115346444216,78.9678261860315,4623.0,707.0,59.9,891.0,71.0,592.0,712.0,344.0
Lebanon,LBN,99.9,10.0,43.052,20963.82494725333,78.1808,18549.04126992684,2.7485363221939,10230.0,3845641233.0,4.60339736802672,-253664.0,65.2063804518348,3.125,4.0,89.0519233886895,20.551488274048108,5154.0,777.0,65.85,605.0,-85.0,911.0,469.0,244.0
Liberia,LBR,24.2,6.0,74.551,1664.944813235653,16.3,3018.191886483713,-2.617934152993868,96320.0,38117382.0,0.4015507377296,-24807.0,54.6785684124387,9.85915492957746,93.6,51.7957569553849,77.19835760482606,4424.0,685.0,53.7,733.0,-14.0,867.0,674.0,391.0
Libya,LBY,70.6,9.0,39.93,18026.01878340081,,75749.47446022848,1.806663821783161,1759540.0,20136030865.0,,9208.0,64.8017638828572,15.9574468085106,2.9,87.8166729870528,23.56332981634911,5647.0,823.0,64.75,779.0,-66.0,673.0,643.0,379.0
Sri Lanka,LKA,97.5,11.0,51.807,13610.47231366177,25.1,12749.795165610938,5.472845296251023,61893.0,11162333740.0,1.97692843257215,-22324.0,66.0772312982869,5.77777777777778,45.8,19.1507693078088,39.31051552403462,4331.0,823.0,66.8,827.0,85.0,844.0,729.0,0.27
Lesotho,LSO,33.7,7.0,50.376,2618.818207701453,39.0,3420.346334321954,2.0189102382018405,30360.0,1030101022.0,2.27081453102287,-6850.0,59.7050313370595,22.1311475409836,41.5,36.5283648068846,33.19253268724428,3795.0,769.0,42.9,757.0,-141.0,797.0,706.0,255.0
Lithuania,LTU,100.0,11.0,56.325,31305.043693437216,77.6153,34599.67840145243,4.095791531308478,62641.0,29783189141.0,1.71214117320754,-28027.0,65.5868165853012,21.2765957446809,33.8,67.1012954711914,10.992062087396691,6273.0,926.0,66.0,749.0,-177.0,0.79,0.59,195.0
Luxembourg,LUX,100.0,12.0,55.493,114985.84223598862,97.363,223893.56806406763,2.1429045265774675,2574.46,15645291583.0,0.495110917223231,9643.0,69.5106668868415,28.3333333333333,15.3,92.0963768119916,6.667627818126114,7061.0,905.0,71.55,903.0,38.0,0.33,726.0,184.0
Latvia,LVA,100.0,11.0,55.489,25763.9907709703,80.1141,26794.89771429677,2.7092399520610684,62227.0,14059869066.0,1.65275736814609,-7867.0,64.3170163194162,16.0,42.6,67.9706866054779,8.75514997497208,5978.0,895.0,66.0,0.7,-159.0,798.0,565.0,232.0
Morocco,MAR,100.0,9.0,41.305,8115.12060546875,61.7622,12518.728795270068,-0.0608910142931904,446300.0,24292997504.0,2.94588992031474,-60472.0,66.1569857377868,20.5063291139241,10.4,61.2761057031842,37.31062302292147,5312.0,641.0,63.5,814.0,-224.0,841.0,501.0,323.0
Moldova,MDA,100.0,13.0,67.222,11252.113546528271,49.9,11603.392158624822,6.252466491432983,32890.0,2378788896.0,0.324532007174344,-43871.0,68.0235384558779,22.7722772277228,26.1,39.9736557006836,60.14556587538577,5326.0,831.0,63.7,553.0,-56.0,926.0,563.0,259.0
Madagascar,MDG,24.1,5.0,83.828,1546.880018908167,6.4,1940.1039773830407,4.961539756015426,581800.0,2868259439.0,0.506222289767563,-2784.0,55.8156972159696,19.205298013245,81.9,29.671033028335,85.28413083453731,4079.0,626.0,56.8,0.57,-33.0,847.0,701.0,375.0
Maldives,MDV,99.8,7.0,55.999,19767.889361346763,65.0,15319.552216717677,2.1246092346460586,300.0,199345275.0,,9555.0,73.6693382094626,5.88235294117647,1.3,39.32787719143,19.49504746493528,,,,,,,,
Mexico,MEX,100.0,14.0,58.15,20488.715080044138,53.0318,29417.81194839457,6.567594929618664,1943950.0,408845744000.0,0.4248491555401469,-227499.0,65.8682302477857,42.6,10.1,77.7206924598541,25.01057468159003,6.41,0.8,65.8,861.0,-206.0,801.0,775.0,231.0
North Macedonia,MKD,100.0,13.0,41.007,15992.894410744198,74.5168,12034.370355758736,2.807027035390377,25220.0,5683884310.0,0.895041406541028,-24227.0,67.9961161917142,37.5,19.0,59.7437719356273,18.64527650963351,5234.0,0.8,65.7,752.0,-63.0,856.0,447.0,299.0
Mali,MLI,34.8,9.0,68.123,2606.6960795414066,18.9,6607.510567237975,1.6738851103044112,1220190.0,1903313160.0,3.02860111373814,-33942.0,49.5343526921363,8.84353741496599,77.0,27.0646702892896,79.65710395760169,4742.0,741.0,53.8,753.0,-68.0,863.0,665.0,393.0
Malta,MLT,100.0,11.0,55.346,42648.44954091712,81.0119,33747.11112005102,2.135728339542922,320.0,2699594672.0,0.4567026782726009,14372.0,67.1569397470627,11.9402985074627,7.3,94.5691806330314,10.463455388264077,6676.0,937.0,71.4,924.0,245.0,0.69,666.0,302.0
Myanmar,MMR,69.8,5.0,61.182,4706.432489495984,23.6211,7427.96055863692,5.873408946546604,652750.0,13865588872.0,3.64194876170774,-105415.0,68.1401536697086,10.161662817552,59.5,29.9051727703437,62.9396632462135,4154.0,795.0,60.25,886.0,654.0,619.0,617.0,282.0
Montenegro,MNE,100.0,9.0,44.174,18038.989697877303,71.2723,16791.227156198078,4.657290320857371,13450.0,405101115.0,1.36277677368932,-4948.0,66.2702069863017,23.4567901234568,37.8,64.9992438680584,18.44488435837256,5615.0,881.0,66.8,626.0,-87.0,756.0,493.0,0.35
Mongolia,MNG,93.6,12.0,55.378,11096.03756042385,23.7143,16236.068168014828,10.80044641174824,1557255.4,6200660020.0,0.762153816975996,6831.0,65.1412012251141,17.1052631578947,1.8,67.9260583223672,45.0654424807444,5334.0,924.0,60.1,675.0,115.0,865.0,552.0,214.0
Mozambique,MOZ,24.3,,75.875,1282.7496599180142,7.79633,3992.652856364582,7.978012401652705,786380.0,4736748074.0,0.9845709776719168,-25043.0,51.7484906258943,39.6,78.2,32.6274411492675,83.78958197582081,4.28,678.0,49.5,823.0,-31.0,682.0,642.0,353.0
Mauritania,MRT,42.9,9.0,36.854,5353.0660881040685,21.0172,10910.376931599829,1.5839383494538453,1030700.0,1989425218.0,2.12109845694596,-3001.0,52.4143770976081,25.1700680272109,25.5,54.1970448502004,54.71137011424166,4678.0,779.0,59.35,527.0,-158.0,777.0,631.0,272.0
Mauritius,MUS,99.6,11.0,55.844,22897.970092210224,55.4032,17095.59214398679,1.675816050460881,1997.0,2083518639.0,0.16537629451361,-5322.0,72.1965591114589,11.5942028985507,9.4,39.4499348663789,17.836142159091498,6174.0,0.91,63.95,912.0,81.0,818.0,682.0,169.0
Malawi,MWI,12.7,8.0,60.264,1380.232636217371,7.0,3764.788115834768,10.576924514898622,94280.0,782456553.0,0.530100138963233,982.0,52.4613637188836,16.6666666666667,76.9,15.9634281867266,60.884421449248975,3417.0,555.0,56.0,848.0,-1.0,735.0,592.0,312.0
Malaysia,MYS,100.0,6.0,62.978,26415.596020328736,80.1405,29955.28614587775,3.778960943064533,328550.0,214551890172.0,1.10033460723613,227677.0,68.7308114044831,10.3603603603604,5.2,74.2354806421432,22.736911999123446,,,,,,,,
Namibia,NAM,52.5,7.0,46.692,9887.939354825496,36.8374,22276.957057396943,9.919036989021308,823290.0,4770759521.0,3.52238850010305,16080.0,59.7812875346101,41.3461538461538,30.2,46.8135799686288,28.24164691567526,4441.0,828.0,55.35,0.81,-195.0,831.0,697.0,277.0
Niger,NER,17.6,,72.487,1208.1460995526625,10.2243,3714.073447354192,0.3682767289701019,1266700.0,871106230.0,1.80984292435405,-6830.0,48.711024050747,16.9590643274854,82.0,16.5036987906896,89.4367629884533,4616.0,582.0,54.8,684.0,-31.0,778.0,699.0,427.0
Nigeria,NGA,54.4,9.0,76.982,7036.6741437238725,25.9,7956.94887764765,11.118918081769664,910770.0,49459240757.0,0.430671218863917,78685.0,53.1559836470855,5.55555555555556,81.6,57.3486345560101,67.4370001536973,5322.0,733.0,53.75,826.0,123.0,835.0,682.0,236.0
Nicaragua,NIC,84.6,7.0,63.177,6225.347025748461,30.4,7096.647264838988,4.123849059399049,120340.0,2324136214.0,0.626510067010078,-21849.0,63.6177363036804,45.6521739130435,48.9,58.1892567408822,39.69192575115825,6476.0,838.0,65.35,922.0,9.0,673.0,793.0,308.0
Netherlands,NLD,100.0,13.0,62.928,56037.56799360595,93.1973,97823.06738214171,1.439327066561674,33670.0,641723619199.0,1.13721447777951,86332.0,65.3662757423029,36.0,6.4,91.1219700676602,12.019216287511291,7459.0,937.0,71.25,0.92,246.0,363.0,729.0,185.0
Norway,NOR,100.0,10.0,62.925,64589.5559196863,96.3576,238764.2037790508,4.08094936089482,365123.0,100258879253.0,1.70515328594991,21657.0,65.4370047012372,41.4201183431953,58.9,81.9699745912375,4.853881713419147,7579.0,0.95,71.3,953.0,231.0,0.25,0.8,203.0
Nepal,NPL,86.6,9.0,35.66,3604.708259497466,24.3,1796.4490391535214,8.26141254915089,143350.0,740707447.0,1.48497718496345,-368787.0,62.1528886706909,29.5798319327731,76.8,65.5768928085184,79.323631449029,4737.0,816.0,60.75,845.0,123.0,0.77,463.0,376.0
New Zealand,NZL,100.0,10.0,67.142,42243.50844593975,87.7,75208.14833591018,3.614623781704779,263310.0,37433571522.0,1.05195301181686,68349.0,65.6780741744094,38.3333333333333,28.4,84.1701025874108,14.014118815046142,7327.0,955.0,70.05,942.0,289.0,222.0,763.0,172.0
Oman,OMN,100.0,10.0,68.924,33619.498898260696,80.1856,41085.56725107938,7.297943297800074,309500.0,27024378377.0,8.413249952121541,11751.0,75.1697476735833,1.17647058823529,0.0,78.3142260040136,3.75095656180829,,,,,,,,
Pakistan,PAK,92.7,12.0,49.693,4789.536465575526,13.78,3937.0675901865375,4.029745993255787,770880.0,21438282034.0,3.3644491031780097,-1574585.0,57.611377824421,20.5882352941176,42.1,36.4351548223399,56.8594996339353,5831.0,0.69,56.35,713.0,38.0,714.0,489.0,308.0
Panama,PAN,93.7,11.0,62.355,33533.32602164997,59.9506,52295.68271096667,1.794693763449402,74120.0,636723420.0,,11059.0,65.0242015347767,18.3098591549296,23.6,65.6577712475758,34.24828890271593,6568.0,912.0,68.5,0.9,-174.0,841.0,795.0,242.0
Peru,PER,94.8,14.0,74.154,12591.85628792344,50.4504,22436.999268444582,3.615658261059736,1280000.0,44483467699.0,1.2652396703256,114382.0,64.7524640868538,27.6923076923077,27.6,82.1931650502403,52.552111160275,5711.0,0.83,69.15,827.0,-157.0,895.0,768.0,394.0
Philippines,PHL,93.0,11.0,57.632,7773.798535990245,41.6,13744.14880580101,2.3202599460893936,298170.0,63099095196.0,1.16796083355235,-263593.0,63.5459353202846,29.4520547945205,27.8,52.6010482354344,33.19448855979785,5594.0,851.0,61.95,926.0,-143.0,711.0,753.0,341.0
Poland,POL,100.0,10.0,54.761,30170.28189740874,75.9854,27622.56571877992,1.7702028494543214,306190.0,233983901947.0,1.8882872704618696,-21535.0,68.3269085235055,28.0434782608696,11.1,60.145888199417,20.64658008127693,6201.0,882.0,68.35,831.0,-125.0,639.0,566.0,203.0
Portugal,PRT,100.0,12.0,53.654,32970.83953865624,73.7912,35621.41256640305,1.5322008986414772,91605.6,61046354383.0,1.23983975869036,13979.0,64.6083708165567,34.7826086956522,24.4,61.1296726507436,11.312613717157266,5711.0,0.9,70.75,905.0,-0.18,881.0,608.0,294.0
Paraguay,PRY,99.3,13.0,66.679,13977.342778867123,61.0758,23863.17133639553,2.1592092917547774,397300.0,8268701617.000001,0.8926632312192531,-16630.0,64.5619527974404,13.75,60.1,62.9526389826574,36.79423854748862,5713.0,902.0,65.7,891.0,-6.0,0.81,0.82,232.0
West Bank and Gaza,PSE,99.9,10.0,32.705,6106.645740371221,63.3,11676.706957880184,3.225414992202729,6020.0,1064875104.0,,-25452.0,56.9185550343498,,10.5,85.3782255354,23.04693307605832,4628.0,824.0,,632.0,-183.0,831.0,534.0,416.0
Qatar,QAT,100.0,9.0,87.375,99358.37338804347,97.3888,91408.34043113123,7.787586602313027,11490.0,66743567998.0,,46719.0,85.1403706234452,9.75609756097561,0.1,99.0310125265978,0.2313109433751395,,,,,,,,
Romania,ROU,100.0,10.0,49.283,25109.24236910212,63.7473,21971.143118633543,4.6513066470014905,230080.0,70640663408.0,1.73375510218939,-33081.0,66.2634006422186,20.6686930091185,23.4,53.3648643239046,16.44366861926162,6.09,811.0,66.55,839.0,-163.0,926.0,632.0,231.0
Russian Federation,RUS,100.0,11.0,59.222,25777.904296875,76.0081,22057.13844342789,5.349815087676177,16376870.0,355552169892.0,4.24899605173948,396619.0,68.3009219594445,15.7777777777778,3.2,74.460036813029,5.32470688314795,5579.0,896.0,63.45,731.0,-149.0,862.0,651.0,195.0
Rwanda,RWA,34.1,6.0,53.281,1967.942866024989,17.2,3127.5768434689003,8.162625947142516,24670.0,660399520.0,1.24889524304653,-25634.0,56.3437544011522,61.25,84.5,20.2477568101111,42.15398148445025,3108.0,517.0,59.55,908.0,51.0,214.0,724.0,358.0
Saudi Arabia,SAU,100.0,9.0,55.515,53120.45724562692,94.1756,92373.70165932368,6.285763924885828,2149690.0,220355503053.0,9.84622692397792,-920812.0,72.5539157080724,19.8675496688742,0.0,83.300690534822,2.1708635558960445,6294.0,0.84,63.6,814.0,-133.0,,703.0,306.0
Sudan,SDN,53.0,8.0,36.896,4252.42138671875,18.6,6611.5429440437,34.62237073153162,1868000.0,4058461580.0,3.2858039010388898,441623.0,54.6718018235881,30.5164319248826,59.4,34.2872225663509,40.7288036338678,,,,,,,,
Senegal,SEN,61.7,11.0,44.126,3234.361581940883,29.6431,7733.734055000897,0.598916826886537,192530.0,2305647858.0,1.47106251742975,29605.0,54.7454841926833,41.8181818181818,36.8,47.9338349639053,68.292316198573,4683.0,744.0,58.8,687.0,-47.0,825.0,751.0,291.0
Singapore,SGP,100.0,6.0,66.047,95744.18216009572,84.4523,159017.40731283458,2.8632861239591136,712.0,365914666454.0,2.97201085878766,-8880.0,77.6111451686482,23.0,0.7,100.0,8.727599854509156,6378.0,897.0,73.4,926.0,0.13,162.0,0.75,179.0
Sierra Leone,SLE,23.4,9.0,52.676,2501.4531554481973,13.2369,6276.320633940551,7.498807928813875,72180.0,273560267.0,0.6769697711942241,1234.0,55.8435428622692,12.396694214876,74.6,41.7106682105058,86.40752516830116,4.09,652.0,51.3,711.0,0.08,848.0,607.0,495.0
El Salvador,SLV,96.8,15.0,56.418,8965.218908634504,33.8207,11037.354837298655,0.986566456267596,20720.0,5759521909.0,1.04446940079198,-50608.0,65.1496366761361,32.1428571428571,25.0,71.0856704711914,36.3573999140128,6339.0,829.0,64.2,758.0,-176.0,778.0,0.8,268.0
"Somalia, Fed. Rep.",SOM,52.1,,27.809,1596.8140917802205,2.00405,,0.5806574728218834,627340.0,468091333.0,0.7490668928744549,38067.0,50.1241919295508,24.3636363636364,94.9,48.3639630032265,45.9863129751675,,,,,,,,
Serbia,SRB,100.0,8.0,46.337,16108.760150235,70.3308,16413.668849339283,2.997345212382399,87460.0,16597980748.000002,1.75424084910469,-18651.0,65.7962638473577,34.4,20.0,60.621208190918,27.258092823122865,5122.0,884.0,66.65,685.0,-81.0,851.0,485.0,326.0
South Sudan,SSD,4.2,8.0,64.627,,4.1,,,631930.0,1259173611.0,3.9933777725745,-670477.0,52.4297594338558,28.4595300261097,35.1,19.3489927232944,82.6444067150927,2817.0,557.0,53.35,456.0,,761.0,565.0,517.0
Suriname,SUR,96.6,6.0,51.7,17567.680239643192,48.9452,25743.875475608453,28.14510554067016,160507.61,1038627525.0,,-935.0,65.7094421041816,25.4901960784314,15.5,66.1046467051207,19.45366743913953,,,,,,,,
Slovak Republic,SVK,100.0,10.0,55.017,30245.78258697563,81.6257,28547.980981276625,1.181872583736478,48080.0,83385671819.0,1.10051309804795,3279.0,69.2551309624215,20.0,12.4,53.6126018237016,12.459421674477808,6366.0,913.0,68.05,714.0,-56.0,0.92,709.0,213.0
Slovenia,SVN,100.0,9.0,54.708,36180.03845476238,78.8854,46670.50447006764,1.2876310235731836,20138.1,38436897620.0,0.990668071759246,1359.0,65.9854248185375,36.6666666666667,19.7,55.2451133728027,13.06054472208582,6167.0,928.0,70.35,921.0,-29.0,829.0,582.0,286.0
Sweden,SWE,100.0,9.0,60.065,51474.11991151606,93.0063,126936.19603557988,2.225542820428572,407310.64,151899872660.0,1.0325978685581,102671.0,62.5219734831306,43.5530085959885,51.8,87.237373786911,7.367012506534761,7287.0,914.0,71.65,935.0,167.0,239.0,756.0,175.0
Eswatini,SWZ,73.5,7.0,38.361,8584.311007678372,35.3,23655.87811436337,4.944813703831102,17200.0,1800896293.0,1.92445503522586,-8658.0,60.444597172582,6.15384615384615,65.3,23.8052004963161,32.93395068889994,,,,,,,,
Syrian Arab Republic,SYR,89.6,9.0,32.608,3265.070293749962,32.7,2707.478471762527,37.22093822323208,183630.0,2478080058.0,,-287501.0,56.2943219617629,13.2,1.1,74.5395596323392,38.96927170782943,,,,,,,,
Chad,TCD,10.9,10.0,59.82,2097.144254836037,6.4,10296.692776965529,2.0622339468564093,1259200.0,1241902939.0,1.6596116400392098,16916.0,49.5536991897526,12.7659574468085,72.8,23.461349471105,90.1058284991472,4559.0,661.0,51.25,615.0,7.0,792.0,584.0,538.0
Togo,TGO,48.0,10.0,55.9,1985.5262212940645,12.3602,2538.0577089200287,-0.8846594272321937,54390.0,867017500.0,1.39797941282441,-1985.0,55.8493557173734,17.5824175824176,78.4,40.5809463430719,79.5206668772319,4361.0,508.0,55.2,717.0,-63.0,726.0,614.0,426.0
Thailand,THA,99.9,9.0,66.965,17573.339815535986,52.8919,16814.967305452228,1.8999449899776977,510890.0,235040762965.0,1.33627619959584,66805.0,71.3970271044959,4.8,22.2,49.2311973571777,47.897303668374605,5939.0,877.0,68.15,923.0,211.0,884.0,776.0,232.0
Tajikistan,TJK,99.3,9.0,36.142,3017.003148873541,21.96,10762.02461642812,9.805467140842666,138790.0,1099774610.0,1.03718533693392,-4093.0,60.7364494572167,19.047619047619,44.2,26.2731513977051,29.7177066416321,5829.0,663.0,61.7,832.0,119.0,718.0,581.0,278.0
Turkmenistan,TKM,100.0,12.0,41.375,13278.40303533809,21.251,,-1.542442684786593,469930.0,8128483560.0,,16678.0,66.2029908740674,25.8064516129032,0.1,47.0334857399476,30.39987106595585,5229.0,908.0,61.9,0.72,65.0,,488.0,0.35
Trinidad and Tobago,TTO,100.0,7.0,59.477,28484.25571574936,70.6,51815.933195476726,7.798848992898087,5130.0,8868449572.0,0.845376415248969,1445.0,71.738036153344,30.952380952381,0.4,53.9293186833833,18.85015401654376,6192.0,916.0,65.7,859.0,12.0,911.0,763.0,248.0
Tunisia,TUN,100.0,9.0,40.208,11288.780013508464,55.5002,9600.53954451681,4.698754338977793,155360.0,13524490850.0,2.03182932622148,-22365.0,67.6324579587732,31.3364055299539,11.8,68.2877807617188,18.31333387030803,4124.0,717.0,66.8,478.0,-223.0,869.0,367.0,377.0
Turkiye,TUR,100.0,12.0,47.063,28353.54064109656,64.6846,34601.08972140685,11.13341165856167,769630.0,163185581325.0,2.05006599219326,659846.0,68.7322045337867,14.5719489981785,11.4,88.0320472717286,28.371560144023903,5607.0,876.0,68.05,644.0,-0.24,671.0,393.0,313.0
,,,,,,,,,,,,,,,,,,6359.0,891.0,,0.76,-68.0,743.0,715.0,114.0
Tanzania,TZA,32.1,7.0,82.305,2472.4931640625,14.4634,7045.2337614827775,2.67178986834044,885800.0,3844183195.0,1.05581731620716,119142.0,53.0736238495431,37.1794871794872,82.0,32.2987013317296,85.04459776075831,3347.0,705.0,57.6,0.8,116.0,654.0,662.0,255.0
Uganda,UGA,32.4,7.0,69.299,2157.9574750336938,,9732.433624159648,4.6490508196250175,200520.0,2814621594.0,1.03901851871998,92879.0,51.1141789506077,34.2984409799555,91.3,26.4139260579546,76.47548189077698,4001.0,0.74,57.25,772.0,56.0,816.0,689.0,0.4
Ukraine,UKR,100.0,11.0,50.956,11536.0810546875,58.8895,4320.911171064166,22.09831749780172,579300.0,42335934432.0,3.24149291547879,-36155.0,68.6550169648912,12.2931442080378,6.5,69.2633108489282,18.72912679880137,4311.0,858.0,64.05,599.0,-5.0,937.0,528.0,235.0
Uruguay,URY,99.8,14.0,59.056,23606.627800795846,70.3224,50114.9391087803,5.680104835144789,175020.0,6592336990.0,1.91114379023487,-3091.0,64.4238089089735,20.2020202020202,60.8,95.2288235732042,23.781423880698707,6336.0,914.0,67.5,898.0,-101.0,627.0,742.0,0.28
United States,USA,100.0,12.0,59.824,60047.71907283069,87.2749,,1.685083824346762,9147420.0,1545416985335.0,3.2977234873792,1864738.0,66.1219291236341,19.3548387096774,9.7,80.4018678392891,3.9809508240298928,6992.0,921.0,66.35,868.0,193.0,681.0,755.0,268.0
Uzbekistan,UZB,100.0,12.0,53.176,7818.011129774256,48.7,7792.729546721754,33.6793703838878,440588.0,6985760789.0,,-13352.0,66.3032741811129,16.0,1.7,50.6787376403809,34.51704151897512,6421.0,942.0,64.1,985.0,116.0,465.0,745.0,203.0
"Venezuela, RB",VEN,99.2,17.0,56.881,,61.6,,1049.7472570657014,882050.0,29560215544.0,2.23333219917076,-817376.0,65.2043630423215,22.1556886227545,14.3,89.0287726100378,32.707737469270526,5071.0,896.0,64.75,636.0,54.0,844.0,697.0,363.0
Viet Nam,VNM,100.0,10.0,75.753,9169.731920528548,58.14,6814.845350188329,4.362920147664312,313403.0,212731193458.0,1.80387228671057,139245.0,68.8126189382964,26.7206477732794,28.3,33.3625963003742,55.116987476102,5175.0,,65.1,,,,,
Kosovo,XKX,,,,9380.94007290057,83.8936,,0.4400191432565066,,428326279.0,0.802900990332654,-5428.0,67.6060547960856,,,41.7578065585746,,6149.0,792.0,,858.0,115.0,925.0,617.0,186.0
"Yemen, Rep.",YEM,79.2,9.0,26.427,,26.7184,15567.851472040473,18.553566217389232,527970.0,190916533.0,,-12086.0,55.8147526958414,0.0,3.0,33.5586912522175,44.5528772190593,3254.0,0.79,57.95,595.0,-124.0,,368.0,295.0
South Africa,ZAF,84.4,9.0,40.393,13738.43858545956,56.1674,20865.36654047666,5.473321974814766,1213090.0,82907402072.0,0.943568494750462,343146.0,66.1083636756326,41.8367346938776,7.9,63.3311078299936,9.921079822416733,4514.0,0.87,55.15,787.0,-139.0,865.0,709.0,268.0
Zambia,ZMB,40.3,7.0,55.924,3391.627684927748,12.2,15079.498631293403,10.072837085491628,743390.0,7937693398.0,1.30136750851783,25789.0,53.7380099022898,17.9640718562874,83.5,42.7295979877011,72.81503262358673,3933.0,744.0,53.55,823.0,0.14,0.74,0.66,387.0
Zimbabwe,ZWE,44.0,7.0,61.799,10756.445441698472,24.4,11301.145036141945,197.45465921413825,386850.0,2954269491.0,1.47256736668559,-128241.0,53.3298234556504,32.5757575757576,82.0,34.7014953017273,68.22863367997269,3638.0,754.0,52.15,753.0,-81.0,751.0,734.0,224.0
